{"emc": {"lambda_f": 0.9400000000000001, "lambda_s": 0.95, "beta": 0.01, "delta_f": 0.4, "delta_s": 0.05, "eta_f": 0.2, "eta_s": 0.35000000000000003, "tau": 50}}