{"emc": {"order": 2, "lambda_f": 0.9400547490619048, "lambda_s": 0.9622342055101375, "beta": 0.0028192566480107063, "delta_f": 0.14920454253171994, "delta_s": 0.08547947418056387, "eta_f": 0.07162751352521785, "eta_s": 0.21230449802986406, "tau": 25}}